-- phpMyAdmin SQL Dump
-- version 4.5.2
-- http://www.phpmyadmin.net
--
-- Servidor: localhost
-- Tiempo de generación: 02-04-2017 a las 18:47:41
-- Versión del servidor: 10.1.13-MariaDB
-- Versión de PHP: 5.5.37

SET SQL_MODE = "NO_AUTO_VALUE_ON_ZERO";
SET time_zone = "+00:00";


/*!40101 SET @OLD_CHARACTER_SET_CLIENT=@@CHARACTER_SET_CLIENT */;
/*!40101 SET @OLD_CHARACTER_SET_RESULTS=@@CHARACTER_SET_RESULTS */;
/*!40101 SET @OLD_COLLATION_CONNECTION=@@COLLATION_CONNECTION */;
/*!40101 SET NAMES utf8mb4 */;

--
-- Base de datos: `apaff`
--
CREATE DATABASE IF NOT EXISTS `apaff` DEFAULT CHARACTER SET latin1 COLLATE latin1_swedish_ci;
USE `apaff`;

-- --------------------------------------------------------

--
-- Estructura de tabla para la tabla `departamento`
--

DROP TABLE IF EXISTS `departamento`;
CREATE TABLE `departamento` (
  `id_departamento` int(11) NOT NULL,
  `codigo` varchar(100) COLLATE utf8_bin NOT NULL,
  `nombre` varchar(100) COLLATE utf8_bin NOT NULL,
  `descripcion` varchar(500) COLLATE utf8_bin NOT NULL
) ENGINE=MyISAM DEFAULT CHARSET=utf8 COLLATE=utf8_bin;

--
-- Truncar tablas antes de insertar `departamento`
--

TRUNCATE TABLE `departamento`;
--
-- Volcado de datos para la tabla `departamento`
--

INSERT INTO `departamento` (`id_departamento`, `codigo`, `nombre`, `descripcion`) VALUES
(5, '001', 'FUMICT', 'FUNDACION');

-- --------------------------------------------------------

--
-- Estructura de tabla para la tabla `log`
--

DROP TABLE IF EXISTS `log`;
CREATE TABLE `log` (
  `id` int(11) NOT NULL,
  `id_usuario` int(11) DEFAULT NULL,
  `ip` varchar(12) NOT NULL,
  `controlador` varchar(30) NOT NULL,
  `metodo` varchar(30) NOT NULL,
  `fecha` date NOT NULL,
  `hora` time NOT NULL
) ENGINE=MyISAM DEFAULT CHARSET=latin1;

--
-- Truncar tablas antes de insertar `log`
--

TRUNCATE TABLE `log`;
--
-- Volcado de datos para la tabla `log`
--

INSERT INTO `log` (`id`, `id_usuario`, `ip`, `controlador`, `metodo`, `fecha`, `hora`) VALUES
(1, NULL, '::1', 'login', 'index', '2017-03-21', '09:35:41'),
(2, NULL, '::1', 'login', 'index', '2017-03-21', '09:35:59'),
(3, 1, '::1', 'login', 'index', '2017-03-21', '09:36:01'),
(4, 1, '::1', 'principal', 'index', '2017-03-21', '09:36:03'),
(5, 1, '::1', 'pagos', 'index', '2017-03-21', '09:36:08'),
(6, 1, '::1', 'partida', 'get_all', '2017-03-21', '09:36:10'),
(7, 1, '::1', 'pagos', 'guardar_pagos', '2017-03-21', '09:36:34'),
(8, 1, '::1', 'pdf', 'generar_orden', '2017-03-21', '09:36:36'),
(9, 1, '::1', 'pdf', 'generar_orden', '2017-03-21', '09:36:38'),
(10, 1, '::1', 'pagos', 'index', '2017-03-21', '09:36:51'),
(11, 1, '::1', 'partida', 'get_all', '2017-03-21', '09:36:54'),
(12, 1, '::1', 'pagos', 'guardar_pagos', '2017-03-21', '09:38:57'),
(13, 1, '::1', 'pdf', 'generar_orden', '2017-03-21', '09:38:59'),
(14, 1, '::1', 'pdf', 'generar_orden', '2017-03-21', '09:39:02'),
(15, 1, '::1', 'pagos', 'index', '2017-03-21', '09:43:56'),
(16, 1, '::1', 'partida', 'get_all', '2017-03-21', '09:43:58'),
(17, 1, '::1', 'pagos', 'guardar_pagos', '2017-03-21', '09:46:00'),
(18, 1, '::1', 'pdf', 'generar_orden', '2017-03-21', '09:46:02'),
(19, 1, '::1', 'pagos', 'index', '2017-03-21', '09:46:20'),
(20, 1, '::1', 'partida', 'get_all', '2017-03-21', '09:46:22'),
(21, 1, '::1', 'pagos', 'guardar_pagos', '2017-03-21', '09:47:19'),
(22, 1, '::1', 'pdf', 'generar_orden', '2017-03-21', '09:47:21'),
(23, 1, '::1', 'pdf', 'generar_orden', '2017-03-21', '09:47:23'),
(24, 1, '::1', 'pdf', 'generar_orden', '2017-03-21', '09:47:39'),
(25, 1, '::1', 'pdf', 'generar_orden', '2017-03-21', '09:47:41'),
(26, 1, '::1', 'pagos', 'index', '2017-03-21', '09:47:53'),
(27, 1, '::1', 'partida', 'get_all', '2017-03-21', '09:47:55'),
(28, 1, '::1', 'pagos', 'index', '2017-03-21', '09:48:10'),
(29, 1, '::1', 'partida', 'get_all', '2017-03-21', '09:48:13'),
(30, 1, '::1', 'pagos', 'guardar_pagos', '2017-03-21', '09:51:59'),
(31, 1, '::1', 'pdf', 'generar_orden', '2017-03-21', '09:52:01'),
(32, 1, '::1', 'pdf', 'generar_orden', '2017-03-21', '09:52:03'),
(33, 1, '::1', 'pdf', 'generar_orden', '2017-03-21', '10:10:19'),
(34, 1, '::1', 'pdf', 'generar_orden', '2017-03-21', '10:10:22'),
(35, 1, '::1', 'pagos', 'index', '2017-03-21', '10:19:37'),
(36, 1, '::1', 'partida', 'get_all', '2017-03-21', '10:19:39'),
(37, 1, '::1', 'pagos', 'guardar_pagos', '2017-03-21', '10:19:53'),
(38, 1, '::1', 'pdf', 'generar_orden', '2017-03-21', '10:19:55'),
(39, 1, '::1', 'pdf', 'generar_orden', '2017-03-21', '10:19:57'),
(40, 1, '::1', 'pdf', 'generar_orden', '2017-03-21', '10:21:46'),
(41, 1, '::1', 'pdf', 'generar_orden', '2017-03-21', '10:21:48'),
(42, 1, '::1', 'pagos', 'index', '2017-03-21', '10:21:51'),
(43, 1, '::1', 'partida', 'get_all', '2017-03-21', '10:21:54'),
(44, 1, '::1', 'pagos', 'index', '2017-03-21', '10:21:56'),
(45, 1, '::1', 'partida', 'get_all', '2017-03-21', '10:21:58'),
(46, 1, '::1', 'pagos', 'guardar_pagos', '2017-03-21', '10:23:36'),
(47, 1, '::1', 'pdf', 'generar_orden', '2017-03-21', '10:23:38'),
(48, 1, '::1', 'pdf', 'generar_orden', '2017-03-21', '10:23:40'),
(49, 1, '::1', 'pagos', 'index', '2017-03-21', '10:26:10'),
(50, 1, '::1', 'partida', 'get_all', '2017-03-21', '10:26:13'),
(51, 1, '::1', 'pagos', 'guardar_pagos', '2017-03-21', '10:26:46'),
(52, 1, '::1', 'pdf', 'generar_orden', '2017-03-21', '10:26:48'),
(53, 1, '::1', 'pdf', 'generar_orden', '2017-03-21', '10:26:51'),
(54, 1, '::1', 'pdf', 'generar_orden', '2017-03-21', '10:30:42'),
(55, 1, '::1', 'pdf', 'generar_orden', '2017-03-21', '10:30:44'),
(56, 1, '::1', 'pagos', 'index', '2017-03-21', '10:50:55'),
(57, 1, '::1', 'partida', 'get_all', '2017-03-21', '10:50:57'),
(58, 1, '::1', 'pagos', 'guardar_pagos', '2017-03-21', '10:51:19'),
(59, 1, '::1', 'pdf', 'generar_orden', '2017-03-21', '10:51:21'),
(60, 1, '::1', 'pdf', 'generar_orden', '2017-03-21', '10:51:23'),
(61, 1, '::1', 'pagos', 'index', '2017-03-21', '10:59:49'),
(62, 1, '::1', 'partida', 'get_all', '2017-03-21', '10:59:51'),
(63, 1, '::1', 'pagos', 'index', '2017-03-21', '10:59:53'),
(64, 1, '::1', 'partida', 'get_all', '2017-03-21', '10:59:55'),
(65, 1, '::1', 'pagos', 'guardar_pagos', '2017-03-21', '11:00:11'),
(66, 1, '::1', 'pdf', 'generar_orden', '2017-03-21', '11:00:13'),
(67, 1, '::1', 'pdf', 'generar_orden', '2017-03-21', '11:00:16'),
(68, 1, '::1', 'pdf', 'generar_orden', '2017-03-21', '11:01:39'),
(69, 1, '::1', 'pdf', 'generar_orden', '2017-03-21', '11:01:41'),
(70, 1, '::1', 'pagos', 'index', '2017-03-21', '11:02:28'),
(71, 1, '::1', 'partida', 'get_all', '2017-03-21', '11:02:30'),
(72, 1, '::1', 'login', 'index', '2017-03-21', '11:15:40'),
(73, 1, '::1', 'principal', 'index', '2017-03-21', '11:15:42'),
(74, 1, '::1', 'partida', 'agregar', '2017-03-21', '11:15:48'),
(75, 1, '::1', 'partida', 'get_departamentos', '2017-03-21', '11:15:50'),
(76, 1, '::1', 'login', 'index', '2017-03-21', '11:15:52'),
(77, 1, '::1', 'login', 'index', '2017-03-21', '11:15:54'),
(78, 1, '::1', 'principal', 'index', '2017-03-21', '11:15:56'),
(79, 1, '::1', 'partida', 'consultar', '2017-03-21', '11:15:59'),
(80, 1, '::1', 'partida', 'consultar', '2017-03-21', '11:17:00'),
(81, 1, '::1', 'partida', 'consultar', '2017-03-21', '11:17:16'),
(82, 1, '::1', 'partida', 'consultar', '2017-03-21', '11:24:22'),
(83, 1, '::1', 'login', 'index', '2017-03-21', '11:28:53'),
(84, 1, '::1', 'principal', 'index', '2017-03-21', '11:28:55'),
(85, 1, '::1', 'partida', 'agregar', '2017-03-21', '11:29:15'),
(86, 1, '::1', 'partida', 'get_departamentos', '2017-03-21', '11:29:17'),
(87, 1, '::1', 'login', 'index', '2017-03-21', '11:30:07'),
(88, 1, '::1', 'principal', 'index', '2017-03-21', '11:30:09'),
(89, 1, '::1', 'login', 'index', '2017-03-21', '11:30:10'),
(90, 1, '::1', 'principal', 'index', '2017-03-21', '11:30:12'),
(91, 1, '::1', 'partida', 'consultar', '2017-03-21', '11:30:17'),
(92, 1, '::1', 'login', 'index', '2017-03-21', '11:32:18'),
(93, 1, '::1', 'principal', 'index', '2017-03-21', '11:32:20'),
(94, 1, '::1', 'partida', 'agregar', '2017-03-21', '11:32:24'),
(95, 1, '::1', 'partida', 'get_departamentos', '2017-03-21', '11:32:26'),
(96, 1, '::1', 'partida', 'get_partida_for_partida', '2017-03-21', '11:32:30'),
(97, 1, '::1', 'partida', 'get_partida_for_partida', '2017-03-21', '11:32:32'),
(98, 1, '::1', 'partida', 'get_partida_for_partida', '2017-03-21', '11:32:34'),
(99, 1, '::1', 'partida', 'get_partida_for_partida', '2017-03-21', '11:32:36'),
(100, 1, '::1', 'partida', 'get_partida_for_partida', '2017-03-21', '11:32:38'),
(101, 1, '::1', 'partida', 'get_partida_for_partida', '2017-03-21', '11:32:40'),
(102, 1, '::1', 'partida', 'get_partida_for_partida', '2017-03-21', '11:32:42'),
(103, 1, '::1', 'partida', 'get_partida_for_partida', '2017-03-21', '11:32:44'),
(104, 1, '::1', 'partida', 'get_partida_for_partida', '2017-03-21', '11:32:46'),
(105, 1, '::1', 'partida', 'get_partida_for_partida', '2017-03-21', '11:32:48'),
(106, 1, '::1', 'partida', 'get_partida_for_partida', '2017-03-21', '11:32:50'),
(107, 1, '::1', 'partida', 'get_partida_for_partida', '2017-03-21', '11:32:52'),
(108, 1, '::1', 'partida', 'get_partida_for_partida', '2017-03-21', '11:32:54'),
(109, 1, '::1', 'partida', 'get_partida_for_partida', '2017-03-21', '11:32:57'),
(110, 1, '::1', 'partida', 'get_partida_for_partida', '2017-03-21', '11:32:59'),
(111, 1, '::1', 'partida', 'get_partida_for_partida', '2017-03-21', '11:33:01'),
(112, 1, '::1', 'partida', 'get_partida_for_partida', '2017-03-21', '11:33:03'),
(113, 1, '::1', 'partida', 'get_partida_for_partida', '2017-03-21', '11:33:05'),
(114, 1, '::1', 'partida', 'get_partida_for_partida', '2017-03-21', '11:33:07'),
(115, 1, '::1', 'partida', 'get_partida_for_partida', '2017-03-21', '11:33:09'),
(116, 1, '::1', 'partida', 'guardar', '2017-03-21', '11:35:12'),
(117, 1, '::1', 'partida', 'agregar', '2017-03-21', '11:35:14'),
(118, 1, '::1', 'partida', 'get_departamentos', '2017-03-21', '11:35:16'),
(119, 1, '::1', 'login', 'index', '2017-03-21', '11:35:18'),
(120, 1, '::1', 'principal', 'index', '2017-03-21', '11:35:20'),
(121, 1, '::1', 'partida', 'consultar', '2017-03-21', '11:35:26'),
(122, 1, '::1', 'partida', 'consultar', '2017-03-21', '11:39:15'),
(123, 1, '::1', 'login', 'index', '2017-03-21', '11:39:26'),
(124, 1, '::1', 'principal', 'index', '2017-03-21', '11:39:28'),
(125, 1, '::1', 'partida', 'agregar', '2017-03-21', '11:39:33'),
(126, 1, '::1', 'partida', 'get_departamentos', '2017-03-21', '11:39:35'),
(127, 1, '::1', 'partida', 'get_partida_for_partida', '2017-03-21', '11:39:52'),
(128, 1, '::1', 'partida', 'get_partida_for_partida', '2017-03-21', '11:39:54'),
(129, 1, '::1', 'partida', 'get_partida_for_partida', '2017-03-21', '11:39:56'),
(130, 1, '::1', 'partida', 'get_partida_for_partida', '2017-03-21', '11:39:58'),
(131, 1, '::1', 'partida', 'get_partida_for_partida', '2017-03-21', '11:40:00'),
(132, 1, '::1', 'partida', 'get_partida_for_partida', '2017-03-21', '11:40:02'),
(133, 1, '::1', 'partida', 'get_partida_for_partida', '2017-03-21', '11:40:04'),
(134, 1, '::1', 'partida', 'get_partida_for_partida', '2017-03-21', '11:40:06'),
(135, 1, '::1', 'partida', 'get_partida_for_partida', '2017-03-21', '11:40:08'),
(136, 1, '::1', 'partida', 'get_partida_for_partida', '2017-03-21', '11:40:10'),
(137, 1, '::1', 'partida', 'get_partida_for_partida', '2017-03-21', '11:40:12'),
(138, 1, '::1', 'partida', 'get_partida_for_partida', '2017-03-21', '11:40:14'),
(139, 1, '::1', 'partida', 'get_partida_for_partida', '2017-03-21', '11:40:16'),
(140, 1, '::1', 'partida', 'guardar', '2017-03-21', '11:41:42'),
(141, 1, '::1', 'partida', 'agregar', '2017-03-21', '11:41:44'),
(142, 1, '::1', 'partida', 'get_departamentos', '2017-03-21', '11:41:46'),
(143, 1, '::1', 'login', 'index', '2017-03-21', '11:41:48'),
(144, 1, '::1', 'principal', 'index', '2017-03-21', '11:41:50'),
(145, 1, '::1', 'partida', 'consultar', '2017-03-21', '11:41:53'),
(146, 1, '::1', 'login', 'index', '2017-03-21', '11:42:21'),
(147, 1, '::1', 'principal', 'index', '2017-03-21', '11:42:23'),
(148, 1, '::1', 'pagos', 'index', '2017-03-21', '11:42:29'),
(149, 1, '::1', 'partida', 'get_all', '2017-03-21', '11:42:31'),
(150, 1, '::1', 'pagos', 'guardar_pagos', '2017-03-21', '11:52:21'),
(151, 1, '::1', 'pdf', 'generar_orden', '2017-03-21', '11:52:23'),
(152, 1, '::1', 'pdf', 'generar_orden', '2017-03-21', '11:52:25'),
(153, 1, '::1', 'pdf', 'generar_orden', '2017-03-21', '11:57:11'),
(154, 1, '::1', 'pdf', 'generar_orden', '2017-03-21', '11:57:13'),
(155, 1, '::1', 'pdf', 'generar_orden', '2017-03-21', '11:57:53'),
(156, 1, '::1', 'pdf', 'generar_orden', '2017-03-21', '11:57:55'),
(157, 1, '::1', 'pdf', 'generar_orden', '2017-03-21', '11:59:11'),
(158, 1, '::1', 'pdf', 'generar_orden', '2017-03-21', '11:59:13'),
(159, 1, '::1', 'pdf', 'generar_orden', '2017-03-21', '12:00:22'),
(160, 1, '::1', 'pdf', 'generar_orden', '2017-03-21', '12:00:24'),
(161, 1, '::1', 'pdf', 'generar_orden', '2017-03-21', '12:00:42'),
(162, 1, '::1', 'pdf', 'generar_orden', '2017-03-21', '12:00:44'),
(163, 1, '::1', 'pdf', 'generar_orden', '2017-03-21', '12:01:04'),
(164, 1, '::1', 'pdf', 'generar_orden', '2017-03-21', '12:01:06'),
(165, 1, '::1', 'pdf', 'generar_orden', '2017-03-21', '12:01:51'),
(166, 1, '::1', 'pdf', 'generar_orden', '2017-03-21', '12:01:53'),
(167, 1, '::1', 'pdf', 'generar_orden', '2017-03-21', '12:07:38'),
(168, 1, '::1', 'pdf', 'generar_orden', '2017-03-21', '12:08:13'),
(169, 1, '::1', 'pdf', 'generar_orden', '2017-03-21', '12:12:56'),
(170, 1, '::1', 'pdf', 'generar_orden', '2017-03-21', '12:21:11'),
(171, 1, '::1', 'pdf', 'generar_orden', '2017-03-21', '12:21:46'),
(172, 1, '::1', 'pdf', 'generar_orden', '2017-03-21', '12:21:49'),
(173, 1, '::1', 'pdf', 'generar_orden', '2017-03-21', '12:22:36'),
(174, 1, '::1', 'pdf', 'generar_orden', '2017-03-21', '12:22:39'),
(175, 1, '::1', 'pdf', 'generar_orden', '2017-03-21', '12:25:12'),
(176, 1, '::1', 'pdf', 'generar_orden', '2017-03-21', '12:25:15'),
(177, 1, '::1', 'pdf', 'generar_orden', '2017-03-21', '12:26:04'),
(178, 1, '::1', 'pdf', 'generar_orden', '2017-03-21', '12:26:07'),
(179, 1, '::1', 'pagos', 'index', '2017-03-21', '12:26:10'),
(180, 1, '::1', 'partida', 'get_all', '2017-03-21', '12:26:12'),
(181, 1, '::1', 'pagos', 'index', '2017-03-21', '12:26:15'),
(182, 1, '::1', 'partida', 'get_all', '2017-03-21', '12:26:17'),
(183, 1, '::1', 'pagos', 'guardar_pagos', '2017-03-21', '12:28:30'),
(184, 1, '::1', 'pdf', 'generar_orden', '2017-03-21', '12:28:32'),
(185, 1, '::1', 'pdf', 'generar_orden', '2017-03-21', '12:28:35'),
(186, 1, '::1', 'pdf', 'generar_orden', '2017-03-21', '12:29:53'),
(187, 1, '::1', 'pdf', 'generar_orden', '2017-03-21', '12:29:56'),
(188, 1, '::1', 'pdf', 'generar_orden', '2017-03-21', '12:30:37'),
(189, 1, '::1', 'pdf', 'generar_orden', '2017-03-21', '12:30:40'),
(190, 1, '::1', 'pdf', 'generar_orden', '2017-03-21', '12:32:19'),
(191, 1, '::1', 'pdf', 'generar_orden', '2017-03-21', '12:32:22'),
(192, NULL, '::1', 'login', 'index', '2017-03-22', '08:59:43'),
(193, NULL, '::1', 'login', 'index', '2017-03-22', '08:59:55'),
(194, NULL, '::1', 'login', 'index', '2017-03-22', '09:00:06'),
(195, 1, '::1', 'login', 'index', '2017-03-22', '09:00:08'),
(196, 1, '::1', 'principal', 'index', '2017-03-22', '09:00:10'),
(197, 1, '::1', 'pagos', 'index', '2017-03-22', '09:00:21'),
(198, 1, '::1', 'partida', 'get_all', '2017-03-22', '09:00:23'),
(199, 1, '::1', 'pagos', 'guardar_pagos', '2017-03-22', '09:04:37'),
(200, 1, '::1', 'pdf', 'generar_orden', '2017-03-22', '09:04:39'),
(201, 1, '::1', 'pdf', 'generar_orden', '2017-03-22', '09:04:42'),
(202, 1, '::1', 'pdf', 'generar_orden', '2017-03-22', '10:17:52'),
(203, 1, '::1', 'pdf', 'generar_orden', '2017-03-22', '10:18:42'),
(204, 1, '::1', 'pdf', 'generar_orden', '2017-03-22', '10:18:45'),
(205, 1, '::1', 'pdf', 'generar_orden', '2017-03-22', '10:19:32'),
(206, 1, '::1', 'pdf', 'generar_orden', '2017-03-22', '10:19:35'),
(207, 1, '::1', 'pdf', 'generar_orden', '2017-03-22', '10:33:20'),
(208, 1, '::1', 'pdf', 'generar_orden', '2017-03-22', '10:33:23'),
(209, 1, '::1', 'pdf', 'generar_orden', '2017-03-22', '10:33:46'),
(210, 1, '::1', 'pdf', 'generar_orden', '2017-03-22', '10:33:49'),
(211, 1, '::1', 'pdf', 'generar_orden', '2017-03-22', '10:34:25'),
(212, 1, '::1', 'pdf', 'generar_orden', '2017-03-22', '10:34:28'),
(213, 1, '::1', 'pdf', 'generar_orden', '2017-03-22', '10:35:24'),
(214, 1, '::1', 'pdf', 'generar_orden', '2017-03-22', '10:35:27'),
(215, 1, '::1', 'pdf', 'generar_orden', '2017-03-22', '10:35:44'),
(216, 1, '::1', 'pdf', 'generar_orden', '2017-03-22', '10:35:47'),
(217, 1, '::1', 'pdf', 'generar_orden', '2017-03-22', '10:36:23'),
(218, 1, '::1', 'pdf', 'generar_orden', '2017-03-22', '10:36:26'),
(219, 1, '::1', 'pdf', 'generar_orden', '2017-03-22', '10:36:36'),
(220, 1, '::1', 'pdf', 'generar_orden', '2017-03-22', '10:36:39'),
(221, 1, '::1', 'pdf', 'generar_orden', '2017-03-22', '10:37:00'),
(222, 1, '::1', 'pdf', 'generar_orden', '2017-03-22', '10:37:03'),
(223, 1, '::1', 'pdf', 'generar_orden', '2017-03-22', '10:40:08'),
(224, 1, '::1', 'pdf', 'generar_orden', '2017-03-22', '10:40:11'),
(225, 1, '::1', 'pdf', 'generar_orden', '2017-03-22', '10:40:41'),
(226, 1, '::1', 'pdf', 'generar_orden', '2017-03-22', '10:40:45'),
(227, 1, '::1', 'pdf', 'generar_orden', '2017-03-22', '10:40:53'),
(228, 1, '::1', 'pdf', 'generar_orden', '2017-03-22', '10:40:56'),
(229, 1, '::1', 'pdf', 'generar_orden', '2017-03-22', '10:41:07'),
(230, 1, '::1', 'pdf', 'generar_orden', '2017-03-22', '10:41:11'),
(231, 1, '::1', 'pagos', 'index', '2017-03-22', '10:42:26'),
(232, 1, '::1', 'partida', 'get_all', '2017-03-22', '10:42:28'),
(233, 1, '::1', 'pagos', 'index', '2017-03-22', '10:42:33'),
(234, 1, '::1', 'partida', 'get_all', '2017-03-22', '10:42:36'),
(235, 1, '::1', 'pagos', 'guardar_pagos', '2017-03-22', '10:43:15'),
(236, 1, '::1', 'pdf', 'generar_orden', '2017-03-22', '10:43:17'),
(237, 1, '::1', 'pdf', 'generar_orden', '2017-03-22', '10:43:20'),
(238, 1, '::1', 'pagos', 'index', '2017-03-22', '10:43:54'),
(239, 1, '::1', 'partida', 'get_all', '2017-03-22', '10:43:56'),
(240, 1, '::1', 'pagos', 'guardar_pagos', '2017-03-22', '10:44:01'),
(241, 1, '::1', 'pdf', 'generar_orden', '2017-03-22', '10:44:04'),
(242, 1, '::1', 'pdf', 'generar_orden', '2017-03-22', '10:44:07'),
(243, 1, '::1', 'pdf', 'generar_orden', '2017-03-22', '10:45:12'),
(244, 1, '::1', 'pdf', 'generar_orden', '2017-03-22', '10:45:15'),
(245, 1, '::1', 'pdf', 'generar_orden', '2017-03-22', '10:45:30'),
(246, 1, '::1', 'pdf', 'generar_orden', '2017-03-22', '10:45:33'),
(247, 1, '::1', 'pdf', 'generar_orden', '2017-03-22', '10:45:49'),
(248, 1, '::1', 'pdf', 'generar_orden', '2017-03-22', '10:45:53'),
(249, 1, '::1', 'pdf', 'generar_orden', '2017-03-22', '10:46:58'),
(250, 1, '::1', 'pdf', 'generar_orden', '2017-03-22', '10:47:01'),
(251, 1, '::1', 'pdf', 'generar_orden', '2017-03-22', '10:49:59'),
(252, 1, '::1', 'pdf', 'generar_orden', '2017-03-22', '10:50:02'),
(253, 1, '::1', 'pdf', 'generar_orden', '2017-03-22', '10:50:32'),
(254, 1, '::1', 'pdf', 'generar_orden', '2017-03-22', '10:50:35'),
(255, 1, '::1', 'pdf', 'generar_orden', '2017-03-22', '10:51:45'),
(256, 1, '::1', 'pdf', 'generar_orden', '2017-03-22', '10:51:48'),
(257, 1, '::1', 'pdf', 'generar_orden', '2017-03-22', '10:54:26'),
(258, 1, '::1', 'pdf', 'generar_orden', '2017-03-22', '10:54:29'),
(259, 1, '::1', 'pdf', 'generar_orden', '2017-03-22', '10:55:31'),
(260, 1, '::1', 'pdf', 'generar_orden', '2017-03-22', '10:55:34'),
(261, 1, '::1', 'pdf', 'generar_orden', '2017-03-22', '10:56:10'),
(262, 1, '::1', 'pdf', 'generar_orden', '2017-03-22', '10:56:13'),
(263, 1, '::1', 'pdf', 'generar_orden', '2017-03-22', '10:59:03'),
(264, 1, '::1', 'pdf', 'generar_orden', '2017-03-22', '10:59:06'),
(265, 1, '::1', 'pdf', 'generar_orden', '2017-03-22', '11:02:04'),
(266, 1, '::1', 'pdf', 'generar_orden', '2017-03-22', '11:02:07'),
(267, 1, '::1', 'pdf', 'generar_orden', '2017-03-22', '11:05:08'),
(268, 1, '::1', 'pdf', 'generar_orden', '2017-03-22', '11:05:12'),
(269, 1, '::1', 'pdf', 'generar_orden', '2017-03-22', '11:05:28'),
(270, 1, '::1', 'pdf', 'generar_orden', '2017-03-22', '11:05:31'),
(271, 1, '::1', 'pdf', 'generar_orden', '2017-03-22', '11:06:31'),
(272, 1, '::1', 'pdf', 'generar_orden', '2017-03-22', '11:06:54'),
(273, 1, '::1', 'pdf', 'generar_orden', '2017-03-22', '11:06:57'),
(274, 1, '::1', 'pdf', 'generar_orden', '2017-03-22', '11:07:55'),
(275, 1, '::1', 'pdf', 'generar_orden', '2017-03-22', '11:07:58'),
(276, 1, '::1', 'pdf', 'generar_orden', '2017-03-22', '11:08:22'),
(277, 1, '::1', 'pdf', 'generar_orden', '2017-03-22', '11:08:26'),
(278, 1, '::1', 'pdf', 'generar_orden', '2017-03-22', '11:09:16'),
(279, 1, '::1', 'pdf', 'generar_orden', '2017-03-22', '11:09:19'),
(280, 1, '::1', 'pdf', 'generar_orden', '2017-03-22', '11:09:34'),
(281, 1, '::1', 'pdf', 'generar_orden', '2017-03-22', '11:09:37'),
(282, 1, '::1', 'pdf', 'generar_orden', '2017-03-22', '11:10:21'),
(283, 1, '::1', 'pdf', 'generar_orden', '2017-03-22', '11:10:24'),
(284, 1, '::1', 'pdf', 'generar_orden', '2017-03-22', '11:10:50'),
(285, 1, '::1', 'pdf', 'generar_orden', '2017-03-22', '11:10:53'),
(286, 1, '::1', 'pdf', 'generar_orden', '2017-03-22', '11:11:55'),
(287, 1, '::1', 'pdf', 'generar_orden', '2017-03-22', '11:11:58'),
(288, 1, '::1', 'pagos', 'index', '2017-03-22', '11:14:34'),
(289, 1, '::1', 'partida', 'get_all', '2017-03-22', '11:14:36'),
(290, 1, '::1', 'pagos', 'guardar_pagos', '2017-03-22', '11:19:45'),
(291, 1, '::1', 'pdf', 'generar_orden', '2017-03-22', '11:19:47'),
(292, 1, '::1', 'pagos', 'index', '2017-03-22', '11:19:51'),
(293, 1, '::1', 'partida', 'get_all', '2017-03-22', '11:19:53'),
(294, 1, '::1', 'pagos', 'guardar_pagos', '2017-03-22', '11:20:14'),
(295, 1, '::1', 'pdf', 'generar_orden', '2017-03-22', '11:20:16'),
(296, 1, '::1', 'pdf', 'generar_orden', '2017-03-22', '11:20:19'),
(297, 1, '::1', 'pdf', 'generar_orden', '2017-03-22', '11:23:08'),
(298, 1, '::1', 'pdf', 'generar_orden', '2017-03-22', '11:23:11'),
(299, 1, '127.0.0.1', 'login', 'index', '2017-03-22', '17:11:17'),
(300, 1, '127.0.0.1', 'principal', 'index', '2017-03-22', '17:11:17'),
(301, 1, '127.0.0.1', 'pagos', 'index', '2017-03-22', '17:11:22'),
(302, 1, '127.0.0.1', 'partida', 'get_all', '2017-03-22', '17:11:22'),
(303, 1, '127.0.0.1', 'pagos', 'guardar_pagos', '2017-03-22', '17:13:44'),
(304, 1, '127.0.0.1', 'pdf', 'generar_orden', '2017-03-22', '17:13:44'),
(305, 1, '127.0.0.1', 'pdf', 'generar_orden', '2017-03-22', '17:14:31'),
(306, 1, '127.0.0.1', 'pdf', 'generar_orden', '2017-03-22', '17:14:38'),
(307, 1, '127.0.0.1', 'pdf', 'generar_orden', '2017-03-22', '17:14:44'),
(308, 1, '127.0.0.1', 'pagos', 'index', '2017-03-22', '17:14:57'),
(309, 1, '127.0.0.1', 'partida', 'get_all', '2017-03-22', '17:14:59'),
(310, 1, '127.0.0.1', 'pagos', 'index', '2017-03-22', '17:15:11'),
(311, 1, '127.0.0.1', 'partida', 'get_all', '2017-03-22', '17:15:13'),
(312, 1, '127.0.0.1', 'login', 'index', '2017-03-22', '17:15:15'),
(313, 1, '127.0.0.1', 'principal', 'index', '2017-03-22', '17:15:15'),
(314, 1, '127.0.0.1', 'pagos', 'listado', '2017-03-22', '17:15:20'),
(315, 1, '127.0.0.1', 'partida', 'get_all', '2017-03-22', '17:15:21'),
(316, 1, '127.0.0.1', 'pagos', 'buscar_pagos', '2017-03-22', '17:15:23'),
(317, 1, '127.0.0.1', 'pdf', 'generar_orden', '2017-03-22', '17:15:28'),
(318, 1, '127.0.0.1', 'pdf', 'generar_orden', '2017-03-22', '17:15:36'),
(319, 1, '127.0.0.1', 'pagos', 'listado', '2017-03-22', '17:16:09'),
(320, 1, '127.0.0.1', 'partida', 'get_all', '2017-03-22', '17:16:11'),
(321, 1, '127.0.0.1', 'login', 'index', '2017-03-22', '17:16:14'),
(322, 1, '127.0.0.1', 'principal', 'index', '2017-03-22', '17:16:14'),
(323, 1, '127.0.0.1', 'pagos', 'index', '2017-03-22', '17:16:20'),
(324, 1, '127.0.0.1', 'partida', 'get_all', '2017-03-22', '17:16:22'),
(325, 1, '127.0.0.1', 'pagos', 'index', '2017-03-22', '17:49:49'),
(326, 1, '127.0.0.1', 'partida', 'get_all', '2017-03-22', '17:49:52'),
(327, 1, '127.0.0.1', 'pagos', 'index', '2017-03-22', '17:50:15'),
(328, 1, '127.0.0.1', 'partida', 'get_all', '2017-03-22', '17:50:17'),
(329, 1, '127.0.0.1', 'pagos', 'index', '2017-03-22', '17:50:55'),
(330, 1, '127.0.0.1', 'partida', 'get_all', '2017-03-22', '17:50:57'),
(331, 1, '127.0.0.1', 'pagos', 'index', '2017-03-22', '17:51:16'),
(332, 1, '127.0.0.1', 'partida', 'get_all', '2017-03-22', '17:51:19'),
(333, 1, '127.0.0.1', 'pagos', 'index', '2017-03-22', '17:53:12'),
(334, 1, '127.0.0.1', 'partida', 'get_all', '2017-03-22', '17:53:14'),
(335, 1, '127.0.0.1', 'pagos', 'index', '2017-03-22', '17:53:48'),
(336, 1, '127.0.0.1', 'partida', 'get_all', '2017-03-22', '17:53:50'),
(337, 1, '127.0.0.1', 'pagos', 'index', '2017-03-22', '17:54:35'),
(338, 1, '127.0.0.1', 'partida', 'get_all', '2017-03-22', '17:54:37'),
(339, 1, '127.0.0.1', 'pagos', 'index', '2017-03-22', '18:03:42'),
(340, 1, '127.0.0.1', 'pagos', 'index', '2017-03-22', '18:22:47'),
(341, 1, '127.0.0.1', 'partida', 'get_all', '2017-03-22', '18:22:49'),
(342, 1, '127.0.0.1', 'pagos', 'index', '2017-03-22', '18:26:13'),
(343, 1, '127.0.0.1', 'partida', 'get_all', '2017-03-22', '18:26:13'),
(344, 1, '127.0.0.1', 'pagos', 'guardar_pagos', '2017-03-22', '18:28:06'),
(345, 1, '127.0.0.1', 'pdf', 'generar_orden', '2017-03-22', '18:28:06'),
(346, 1, '127.0.0.1', 'pagos', 'index', '2017-03-22', '18:29:32'),
(347, 1, '127.0.0.1', 'partida', 'get_all', '2017-03-22', '18:29:33'),
(348, 1, '127.0.0.1', 'pagos', 'index', '2017-03-22', '18:29:40'),
(349, 1, '127.0.0.1', 'partida', 'get_all', '2017-03-22', '18:29:41'),
(350, 1, '127.0.0.1', 'pagos', 'guardar_pagos', '2017-03-22', '18:30:20'),
(351, 1, '127.0.0.1', 'pdf', 'generar_orden', '2017-03-22', '18:30:20'),
(352, 1, '127.0.0.1', 'pagos', 'index', '2017-03-22', '18:37:26'),
(353, 1, '127.0.0.1', 'partida', 'get_all', '2017-03-22', '18:37:27'),
(354, 1, '127.0.0.1', 'pagos', 'index', '2017-03-22', '18:37:29'),
(355, 1, '127.0.0.1', 'partida', 'get_all', '2017-03-22', '18:37:30'),
(356, 1, '127.0.0.1', 'pagos', 'guardar_pagos', '2017-03-22', '18:37:39'),
(357, 1, '127.0.0.1', 'pdf', 'generar_orden', '2017-03-22', '18:37:39'),
(358, 1, '127.0.0.1', 'pagos', 'index', '2017-03-22', '18:37:46'),
(359, 1, '127.0.0.1', 'partida', 'get_all', '2017-03-22', '18:37:47'),
(360, 1, '127.0.0.1', 'pagos', 'index', '2017-03-22', '18:37:49'),
(361, 1, '127.0.0.1', 'partida', 'get_all', '2017-03-22', '18:37:49'),
(362, 1, '127.0.0.1', 'pagos', 'guardar_pagos', '2017-03-22', '18:39:47'),
(363, 1, '127.0.0.1', 'pdf', 'generar_orden', '2017-03-22', '18:39:47'),
(364, 1, '127.0.0.1', 'pagos', 'index', '2017-03-22', '18:40:18'),
(365, 1, '127.0.0.1', 'partida', 'get_all', '2017-03-22', '18:40:19'),
(366, 1, '127.0.0.1', 'pagos', 'index', '2017-03-22', '18:41:10'),
(367, 1, '127.0.0.1', 'partida', 'get_all', '2017-03-22', '18:41:11'),
(368, 1, '127.0.0.1', 'pagos', 'guardar_pagos', '2017-03-22', '18:42:18'),
(369, 1, '127.0.0.1', 'pdf', 'generar_orden', '2017-03-22', '18:42:18'),
(370, 1, '127.0.0.1', 'pagos', 'index', '2017-03-22', '18:42:46'),
(371, 1, '127.0.0.1', 'partida', 'get_all', '2017-03-22', '18:42:47'),
(372, 1, '127.0.0.1', 'pagos', 'guardar_pagos', '2017-03-22', '18:43:46'),
(373, 1, '127.0.0.1', 'pdf', 'generar_orden', '2017-03-22', '18:43:46'),
(374, 1, '127.0.0.1', 'pdf', 'generar_orden', '2017-03-22', '18:48:07'),
(375, 1, '127.0.0.1', 'pagos', 'index', '2017-03-22', '18:48:13'),
(376, 1, '127.0.0.1', 'partida', 'get_all', '2017-03-22', '18:48:15'),
(377, 1, '127.0.0.1', 'pagos', 'index', '2017-03-22', '18:48:18'),
(378, 1, '127.0.0.1', 'partida', 'get_all', '2017-03-22', '18:48:20'),
(379, 1, '127.0.0.1', 'pagos', 'guardar_pagos', '2017-03-22', '18:49:19'),
(380, 1, '127.0.0.1', 'pdf', 'generar_orden', '2017-03-22', '18:49:19'),
(381, 1, '127.0.0.1', 'pagos', 'index', '2017-03-22', '18:51:25'),
(382, 1, '127.0.0.1', 'partida', 'get_all', '2017-03-22', '18:51:26'),
(383, 1, '127.0.0.1', 'pagos', 'index', '2017-03-22', '18:51:30'),
(384, 1, '127.0.0.1', 'partida', 'get_all', '2017-03-22', '18:51:31'),
(385, 1, '127.0.0.1', 'pagos', 'guardar_pagos', '2017-03-22', '18:52:37'),
(386, 1, '127.0.0.1', 'pdf', 'generar_orden', '2017-03-22', '18:52:37'),
(387, 1, '127.0.0.1', 'pagos', 'index', '2017-03-22', '18:55:16'),
(388, 1, '127.0.0.1', 'partida', 'get_all', '2017-03-22', '18:55:17'),
(389, 1, '127.0.0.1', 'pagos', 'index', '2017-03-22', '18:55:20'),
(390, 1, '127.0.0.1', 'partida', 'get_all', '2017-03-22', '18:55:22'),
(391, 1, '127.0.0.1', 'pagos', 'guardar_pagos', '2017-03-22', '18:56:09'),
(392, 1, '127.0.0.1', 'pdf', 'generar_orden', '2017-03-22', '18:56:09'),
(393, 1, '127.0.0.1', 'pagos', 'index', '2017-03-22', '18:57:00'),
(394, 1, '127.0.0.1', 'partida', 'get_all', '2017-03-22', '18:57:01'),
(395, 1, '127.0.0.1', 'pagos', 'index', '2017-03-22', '18:59:33'),
(396, 1, '127.0.0.1', 'partida', 'get_all', '2017-03-22', '18:59:34'),
(397, 1, '127.0.0.1', 'pagos', 'index', '2017-03-22', '19:00:13'),
(398, 1, '127.0.0.1', 'partida', 'get_all', '2017-03-22', '19:00:14'),
(399, 1, '127.0.0.1', 'pagos', 'guardar_pagos', '2017-03-22', '19:00:47'),
(400, NULL, '127.0.0.1', 'login', 'index', '2017-03-22', '19:47:41'),
(401, NULL, '127.0.0.1', 'login', 'index', '2017-03-22', '19:47:47'),
(402, 1, '127.0.0.1', 'login', 'index', '2017-03-22', '19:47:47'),
(403, 1, '127.0.0.1', 'principal', 'index', '2017-03-22', '19:47:47'),
(404, 1, '127.0.0.1', 'pagos', 'index', '2017-03-22', '19:47:52'),
(405, 1, '127.0.0.1', 'partida', 'get_all', '2017-03-22', '19:47:52'),
(406, 1, '127.0.0.1', 'pagos', 'guardar_pagos', '2017-03-22', '19:48:39'),
(407, 1, '127.0.0.1', 'pagos', 'guardar_pagos', '2017-03-22', '19:48:57'),
(408, 1, '127.0.0.1', 'pagos', 'index', '2017-03-22', '19:49:42'),
(409, 1, '127.0.0.1', 'partida', 'get_all', '2017-03-22', '19:49:44'),
(410, 1, '127.0.0.1', 'pagos', 'index', '2017-03-22', '19:49:50'),
(411, 1, '127.0.0.1', 'partida', 'get_all', '2017-03-22', '19:49:51'),
(412, 1, '127.0.0.1', 'pagos', 'guardar_pagos', '2017-03-22', '19:50:24'),
(413, 1, '127.0.0.1', 'pdf', 'generar_orden', '2017-03-22', '19:50:24'),
(414, 1, '127.0.0.1', 'pdf', 'generar_orden', '2017-03-22', '19:50:43'),
(415, 1, '127.0.0.1', 'pdf', 'generar_orden', '2017-03-22', '19:50:52'),
(416, 1, '127.0.0.1', 'pdf', 'generar_orden', '2017-03-22', '20:32:50'),
(417, 1, '127.0.0.1', 'pagos', 'index', '2017-03-22', '20:33:13'),
(418, 1, '127.0.0.1', 'partida', 'get_all', '2017-03-22', '20:33:14'),
(419, 1, '127.0.0.1', 'pagos', 'index', '2017-03-22', '20:33:20'),
(420, 1, '127.0.0.1', 'partida', 'get_all', '2017-03-22', '20:33:21'),
(421, 1, '127.0.0.1', 'pagos', 'guardar_pagos', '2017-03-22', '20:33:45'),
(422, 1, '127.0.0.1', 'pdf', 'generar_orden', '2017-03-22', '20:33:45'),
(423, 1, '127.0.0.1', 'pagos', 'index', '2017-03-22', '20:34:05'),
(424, 1, '127.0.0.1', 'partida', 'get_all', '2017-03-22', '20:34:06'),
(425, 1, '127.0.0.1', 'pagos', 'index', '2017-03-22', '20:34:19'),
(426, 1, '127.0.0.1', 'partida', 'get_all', '2017-03-22', '20:34:21'),
(427, 1, '127.0.0.1', 'pagos', 'guardar_pagos', '2017-03-22', '20:35:05'),
(428, 1, '127.0.0.1', 'pdf', 'generar_orden', '2017-03-22', '20:35:05'),
(429, 1, '127.0.0.1', 'pagos', 'index', '2017-03-22', '20:38:12'),
(430, 1, '127.0.0.1', 'partida', 'get_all', '2017-03-22', '20:38:13'),
(431, 1, '127.0.0.1', 'pagos', 'index', '2017-03-22', '20:38:15'),
(432, 1, '127.0.0.1', 'partida', 'get_all', '2017-03-22', '20:38:16'),
(433, 1, '127.0.0.1', 'pagos', 'guardar_pagos', '2017-03-22', '20:38:55'),
(434, 1, '127.0.0.1', 'pdf', 'generar_orden', '2017-03-22', '20:38:55'),
(435, 1, '127.0.0.1', 'pdf', 'generar_orden', '2017-03-22', '21:04:03'),
(436, 1, '127.0.0.1', 'pagos', 'index', '2017-03-22', '21:05:25'),
(437, 1, '127.0.0.1', 'partida', 'get_all', '2017-03-22', '21:05:27'),
(438, 1, '127.0.0.1', 'pagos', 'guardar_pagos', '2017-03-22', '21:05:56'),
(439, 1, '127.0.0.1', 'pdf', 'generar_orden', '2017-03-22', '21:05:56'),
(440, 1, '127.0.0.1', 'pagos', 'index', '2017-03-22', '21:06:34'),
(441, 1, '127.0.0.1', 'partida', 'get_all', '2017-03-22', '21:06:35'),
(442, 1, '127.0.0.1', 'pagos', 'index', '2017-03-22', '21:06:37'),
(443, 1, '127.0.0.1', 'partida', 'get_all', '2017-03-22', '21:06:39'),
(444, 1, '127.0.0.1', 'pagos', 'guardar_pagos', '2017-03-22', '21:07:17'),
(445, 1, '127.0.0.1', 'pdf', 'generar_orden', '2017-03-22', '21:07:17'),
(446, 1, '127.0.0.1', 'pagos', 'index', '2017-03-22', '21:07:47'),
(447, 1, '127.0.0.1', 'partida', 'get_all', '2017-03-22', '21:07:48'),
(448, 1, '127.0.0.1', 'pagos', 'guardar_pagos', '2017-03-22', '21:08:07'),
(449, 1, '127.0.0.1', 'pdf', 'generar_orden', '2017-03-22', '21:08:07'),
(450, 1, '127.0.0.1', 'pagos', 'index', '2017-03-22', '21:08:57'),
(451, 1, '127.0.0.1', 'partida', 'get_all', '2017-03-22', '21:08:59'),
(452, 1, '127.0.0.1', 'pagos', 'index', '2017-03-22', '21:30:25'),
(453, 1, '127.0.0.1', 'partida', 'get_all', '2017-03-22', '21:30:27'),
(454, 1, '127.0.0.1', 'pagos', 'guardar_pagos', '2017-03-22', '21:32:12'),
(455, 1, '127.0.0.1', 'pdf', 'generar_orden', '2017-03-22', '21:32:12'),
(456, 1, '127.0.0.1', 'pagos', 'index', '2017-03-22', '21:33:09'),
(457, 1, '127.0.0.1', 'partida', 'get_all', '2017-03-22', '21:33:10'),
(458, 1, '127.0.0.1', 'pagos', 'index', '2017-03-22', '23:49:13'),
(459, 1, '127.0.0.1', 'partida', 'get_all', '2017-03-22', '23:49:15'),
(460, 1, '127.0.0.1', 'pagos', 'guardar_pagos', '2017-03-22', '23:50:11'),
(461, 1, '127.0.0.1', 'pdf', 'generar_orden', '2017-03-22', '23:50:11'),
(462, 1, '127.0.0.1', 'pdf', 'generar_orden', '2017-03-22', '23:51:32'),
(463, 1, '127.0.0.1', 'pdf', 'generar_orden', '2017-03-22', '23:52:00'),
(464, 1, '127.0.0.1', 'pdf', 'generar_orden', '2017-03-22', '23:53:33'),
(465, 1, '127.0.0.1', 'pdf', 'generar_orden', '2017-03-22', '23:54:28'),
(466, 1, '127.0.0.1', 'pdf', 'generar_orden', '2017-03-22', '23:56:05'),
(467, 1, '127.0.0.1', 'pagos', 'index', '2017-03-22', '23:56:12'),
(468, 1, '127.0.0.1', 'partida', 'get_all', '2017-03-22', '23:56:14'),
(469, 1, '127.0.0.1', 'pagos', 'guardar_pagos', '2017-03-22', '23:56:37'),
(470, 1, '127.0.0.1', 'pdf', 'generar_orden', '2017-03-22', '23:56:37'),
(471, NULL, '127.0.0.1', 'login', 'index', '2017-03-23', '13:19:28'),
(472, NULL, '127.0.0.1', 'login', 'index', '2017-03-23', '13:19:31'),
(473, 1, '127.0.0.1', 'login', 'index', '2017-03-23', '13:19:32'),
(474, 1, '127.0.0.1', 'principal', 'index', '2017-03-23', '13:19:32'),
(475, 1, '127.0.0.1', 'pagos', 'index', '2017-03-23', '13:19:35'),
(476, 1, '127.0.0.1', 'partida', 'get_all', '2017-03-23', '13:19:36'),
(477, 1, '127.0.0.1', 'pagos', 'guardar_pagos', '2017-03-23', '13:53:03'),
(478, 1, '127.0.0.1', 'pdf', 'generar_orden', '2017-03-23', '13:53:03'),
(479, 1, '127.0.0.1', 'pagos', 'index', '2017-03-23', '14:18:47'),
(480, 1, '127.0.0.1', 'partida', 'get_all', '2017-03-23', '14:18:48'),
(481, 1, '127.0.0.1', 'pagos', 'index', '2017-03-23', '14:39:59'),
(482, 1, '127.0.0.1', 'partida', 'get_all', '2017-03-23', '14:39:59'),
(483, 1, '127.0.0.1', 'pagos', 'guardar_pagos', '2017-03-23', '14:45:08'),
(484, 1, '127.0.0.1', 'pdf', 'generar_orden', '2017-03-23', '14:45:08'),
(485, NULL, '127.0.0.1', 'login', 'index', '2017-03-23', '14:46:16'),
(486, 1, '127.0.0.1', 'pagos', 'index', '2017-03-23', '15:06:39'),
(487, 1, '127.0.0.1', 'partida', 'get_all', '2017-03-23', '15:06:39'),
(488, 1, '127.0.0.1', 'pagos', 'guardar_pagos', '2017-03-23', '15:09:27'),
(489, 1, '127.0.0.1', 'pdf', 'generar_orden', '2017-03-23', '15:09:27'),
(490, NULL, '127.0.0.1', 'login', 'index', '2017-03-29', '13:53:20'),
(491, NULL, '127.0.0.1', 'login', 'index', '2017-03-29', '13:53:23'),
(492, 1, '127.0.0.1', 'login', 'index', '2017-03-29', '13:53:23'),
(493, 1, '127.0.0.1', 'principal', 'index', '2017-03-29', '13:53:23'),
(494, 1, '127.0.0.1', 'pagos', 'index', '2017-03-29', '13:53:31'),
(495, 1, '127.0.0.1', 'partida', 'get_all', '2017-03-29', '13:53:32'),
(496, 1, '127.0.0.1', 'pagos', 'guardar_pagos', '2017-03-29', '13:54:04'),
(497, 1, '127.0.0.1', 'pdf', 'generar_orden', '2017-03-29', '13:54:04'),
(498, 1, '127.0.0.1', 'pagos', 'index', '2017-03-29', '13:54:18'),
(499, 1, '127.0.0.1', 'partida', 'get_all', '2017-03-29', '13:54:19'),
(500, 1, '127.0.0.1', 'principal', 'index', '2017-03-29', '13:54:29');

-- --------------------------------------------------------

--
-- Estructura de tabla para la tabla `menu`
--

DROP TABLE IF EXISTS `menu`;
CREATE TABLE `menu` (
  `id_menu` int(11) NOT NULL,
  `titulo` varchar(50) NOT NULL,
  `enlace` varchar(50) NOT NULL
) ENGINE=MyISAM DEFAULT CHARSET=latin1;

--
-- Truncar tablas antes de insertar `menu`
--

TRUNCATE TABLE `menu`;
-- --------------------------------------------------------

--
-- Estructura de tabla para la tabla `operacion`
--

DROP TABLE IF EXISTS `operacion`;
CREATE TABLE `operacion` (
  `id_aumento` int(11) NOT NULL,
  `id_partida` int(11) NOT NULL,
  `cantidad` decimal(10,2) NOT NULL,
  `fecha` datetime NOT NULL,
  `comentario` varchar(1000) NOT NULL,
  `tipo` varchar(100) DEFAULT NULL
) ENGINE=MyISAM DEFAULT CHARSET=latin1;

--
-- Truncar tablas antes de insertar `operacion`
--

TRUNCATE TABLE `operacion`;
-- --------------------------------------------------------

--
-- Estructura de tabla para la tabla `pagos`
--

DROP TABLE IF EXISTS `pagos`;
CREATE TABLE `pagos` (
  `id_pago` int(11) NOT NULL,
  `nro_orden` varchar(100) COLLATE utf8_bin NOT NULL,
  `monto_orden` decimal(10,2) NOT NULL,
  `nombre_beneficiario` varchar(200) COLLATE utf8_bin NOT NULL,
  `id_beneficiario` varchar(100) COLLATE utf8_bin NOT NULL,
  `nombre_autorizado` varchar(200) COLLATE utf8_bin NOT NULL,
  `id_autorizado` varchar(100) COLLATE utf8_bin NOT NULL,
  `cantidad_letras` varchar(300) COLLATE utf8_bin NOT NULL,
  `concepto_pago` varchar(500) COLLATE utf8_bin NOT NULL,
  `entidad_bancaria` varchar(300) COLLATE utf8_bin NOT NULL,
  `nro_cheque` varchar(100) COLLATE utf8_bin NOT NULL,
  `nro_cuenta` varchar(100) COLLATE utf8_bin NOT NULL
) ENGINE=MyISAM DEFAULT CHARSET=utf8 COLLATE=utf8_bin;

--
-- Truncar tablas antes de insertar `pagos`
--

TRUNCATE TABLE `pagos`;
--
-- Volcado de datos para la tabla `pagos`
--

INSERT INTO `pagos` (`id_pago`, `nro_orden`, `monto_orden`, `nombre_beneficiario`, `id_beneficiario`, `nombre_autorizado`, `id_autorizado`, `cantidad_letras`, `concepto_pago`, `entidad_bancaria`, `nro_cheque`, `nro_cuenta`) VALUES
(1, '', '7059.18', '', '', '', '', 'SIETE MIL CINCUENTA Y NUEVE BOLIVARES 18/100 M.N.', '', 'BANCO DE VENEZUELA', '', '0102-0513-14-0000-328724'),
(2, '', '7176.96', '', '', '', '', 'SIETE MIL CIENTO SETENTA Y SEIS BOLIVARES 96/100 M.N.', '', 'BANCO DE VENEZUELA', '', '0102-0513-14-0000-328724'),
(3, '', '7176.96', '', '', '', '', 'SIETE MIL CIENTO SETENTA Y SEIS BOLIVARES 96/100 M.N.', '', 'BANCO DE VENEZUELA', '', '0102-0513-14-0000-328724'),
(4, '', '7176.96', '', '', '', '', 'SIETE MIL CIENTO SETENTA Y SEIS BOLIVARES 96/100 M.N.', '', 'BANCO DE VENEZUELA', '', '0102-0513-14-0000-328724'),
(5, '', '6543.44', '', '', '', '', 'SEIS MIL QUINIENTOS CUARENTA Y TRES BOLIVARES 44/100 M.N.', '', 'BANCO DE VENEZUELA', '', '0102-0513-14-0000-328724'),
(6, '', '6543.44', '', '', '', '', 'SEIS MIL QUINIENTOS CUARENTA Y TRES BOLIVARES 44/100 M.N.', '', 'BANCO DE VENEZUELA', '', '0102-0513-14-0000-328724'),
(7, '', '6543.44', '', '', '', '', 'SEIS MIL QUINIENTOS CUARENTA Y TRES BOLIVARES 44/100 M.N.', '', 'BANCO DE VENEZUELA', '', '0102-0513-14-0000-328724'),
(8, '', '6543.44', '', '', '', '', 'SEIS MIL QUINIENTOS CUARENTA Y TRES BOLIVARES 44/100 M.N.', '', 'BANCO DE VENEZUELA', '', '0102-0513-14-0000-328724'),
(9, '', '1516.96', '', '', '', '', 'UN MIL QUINIENTOS DIECISEIS BOLIVARES 96/100 M.N.', '', 'BANCO DE VENEZUELA', '', '0102-0513-14-0000-328724'),
(10, '', '1516.96', '', '', '', '', 'UN MIL QUINIENTOS DIECISEIS BOLIVARES 96/100 M.N.', '', 'BANCO DE VENEZUELA', '', '0102-0513-14-0000-328724'),
(11, '', '7176.96', '', '', '', '', 'SIETE MIL CIENTO SETENTA Y SEIS BOLIVARES 96/100 M.N.', '', 'BANCO DE VENEZUELA', '', '0102-0513-14-0000-328724'),
(12, '', '1000.00', '', '', '', '', 'UN MIL BOLIVARES 00/100 M.N.', '', 'BANCO DE VENEZUELA', '', '0102-0513-14-0000-328724'),
(13, '', '7039.05', '', '', '', '', 'SIETE MIL TREINTA Y NUEVE BOLIVARES 05/100 M.N.', '', 'BANCO DE VENEZUELA', '', '0102-0513-14-0000-328724'),
(14, '', '7039.05', '', '', '', '', 'SIETE MIL TREINTA Y NUEVE BOLIVARES 05/100 M.N.', '', 'BANCO DE VENEZUELA', '', '0102-0513-14-0000-328724'),
(15, '', '7039.05', '', '', '', '', 'SIETE MIL TREINTA Y NUEVE BOLIVARES 05/100 M.N.', '', 'BANCO DE VENEZUELA', '', '0102-0513-14-0000-328724'),
(16, '', '1379.05', '', '', '', '', 'UN MIL TRESCIENTOS SETENTA Y NUEVE BOLIVARES 05/100 M.N.', '', 'BANCO DE VENEZUELA', '', '0102-0513-14-0000-328724'),
(17, '', '909.09', '', '', '', '', 'NOVECIENTOS NUEVE BOLIVARES 09/100 M.N.', '', 'BANCO DE VENEZUELA', '', '0102-0513-14-0000-328724'),
(18, '', '7176.96', '', '', '', '', 'SIETE MIL CIENTO SETENTA Y SEIS BOLIVARES 96/100 M.N.', '', 'BANCO DE VENEZUELA', '', '0102-0513-14-0000-328724'),
(19, '', '2812.50', '', '', '', '', 'DOS MIL OCHOCIENTOS DOCE BOLIVARES 50/100 M.N.', '', 'BANCO DE VENEZUELA', '', '0102-0513-14-0000-328724'),
(20, '', '1000.00', '', '', '', '', 'UN MIL BOLIVARES 00/100 CENTIMOS', '', 'BANCO DE VENEZUELA', '', '0102-0513-14-0000-328724'),
(21, '', '40419.14', '', '', '', '', 'CUARENTA MIL CUATROCIENTOS DIECINUEVE BOLIVARES 14/100 CENTIMOS', '', 'BANCO DE VENEZUELA', '', '0102-0513-14-0000-328724'),
(22, '0005-17', '40419.14', 'CAFETERIA DULCERIA CHARCUTERIA FANNY S.A ', 'J-304521634', '', '', 'CUARENTA MIL CUATROCIENTOS DIECINUEVE BOLIVARES 14/100 CENTIMOS', 'CANCELACIÓN DE 300 PASTELITOS Y UN CAFÉ PARA LA JORNADA SEMANAL DEL PROGRAMA "CIENCITO"', 'BANCO DE VENEZUELA', '80005155', '0102-0513-14-0000-328724'),
(23, '0005-17', '40419.14', 'CAFETERIA, DULCERIA Y CHARCUTERIA FANNY, S.A', 'J-304521634', '', '', 'CUARENTA MIL CUATROCIENTOS DIECINUEVE BOLIVARES 14/100 CENTIMOS', 'CANCELACIÓN DE 300 PASTELITOS Y CAFÉ PARA LA JORNADA SEMANAL DEL PROGRAMA "CIENCITO"', 'BANCO DE VENEZUELA', '80005155', '0102-0513-14-0000-328724'),
(24, '', '4464.29', '', '', '', '', 'CUATRO MIL CUATROCIENTOS SESENTA Y CUATRO BOLIVARES 29/100 CENTIMOS', '', 'BANCO DE VENEZUELA', '', '0102-0513-14-0000-328724');

-- --------------------------------------------------------

--
-- Estructura de tabla para la tabla `pagos_partidas`
--

DROP TABLE IF EXISTS `pagos_partidas`;
CREATE TABLE `pagos_partidas` (
  `id_pago` int(11) NOT NULL,
  `id_partida` int(11) NOT NULL,
  `monto` decimal(10,2) NOT NULL,
  `retencion` int(11) NOT NULL,
  `iva` int(11) NOT NULL
) ENGINE=MyISAM DEFAULT CHARSET=utf8 COLLATE=utf8_bin;

--
-- Truncar tablas antes de insertar `pagos_partidas`
--

TRUNCATE TABLE `pagos_partidas`;
--
-- Volcado de datos para la tabla `pagos_partidas`
--

INSERT INTO `pagos_partidas` (`id_pago`, `id_partida`, `monto`, `retencion`, `iva`) VALUES
(1, 53, '7676.00', 75, 12),
(2, 60, '5660.00', 0, 0),
(2, 60, '1516.96', 0, 10),
(3, 0, '5660.00', 0, 0),
(3, 0, '1516.96', 0, 10),
(4, 56, '5660.00', 0, 0),
(4, 56, '1516.96', 0, 10),
(5, 51, '5660.00', 0, 0),
(5, 51, '1516.96', 0, 10),
(6, 53, '5660.00', 0, 0),
(6, 53, '1516.96', 0, 10),
(7, 52, '5660.00', 0, 0),
(7, 52, '1516.96', 0, 10),
(8, 53, '5660.00', 0, 0),
(8, 53, '1516.96', 0, 10),
(9, 53, '1516.96', 0, 10),
(10, 53, '1516.96', 0, 10),
(11, 49, '5660.00', 0, 0),
(11, 49, '1516.96', 0, 10),
(12, 52, '1000.00', 0, 10),
(13, 52, '5660.00', 100, 0),
(13, 52, '1516.96', 100, 10),
(14, 53, '5660.00', 100, 0),
(14, 53, '1516.96', 100, 10),
(15, 50, '5660.00', 100, 0),
(15, 50, '1516.96', 100, 10),
(16, 55, '1516.96', 100, 10),
(17, 56, '1000.00', 100, 10),
(18, 59, '5660.00', 100, 0),
(18, 59, '1668.66', 100, 10),
(19, 58, '1000.00', 0, 12),
(19, 58, '1000.00', 75, 12),
(19, 58, '1000.00', 100, 12),
(20, 53, '1000.00', 100, 0),
(21, 67, '36000.00', 75, 12),
(21, 67, '7312.00', 75, 0),
(22, 67, '36000.00', 75, 12),
(22, 67, '7312.00', 0, 0),
(23, 67, '36000.00', 75, 12),
(23, 67, '7312.00', 75, 0),
(24, 0, '5000.00', 100, 12);

-- --------------------------------------------------------

--
-- Estructura de tabla para la tabla `partidas`
--

DROP TABLE IF EXISTS `partidas`;
CREATE TABLE `partidas` (
  `id_partida` int(11) NOT NULL,
  `partida` varchar(30) NOT NULL,
  `denominacion` varchar(300) NOT NULL,
  `id_departamentos` int(11) NOT NULL
) ENGINE=MyISAM DEFAULT CHARSET=latin1;

--
-- Truncar tablas antes de insertar `partidas`
--

TRUNCATE TABLE `partidas`;
--
-- Volcado de datos para la tabla `partidas`
--

INSERT INTO `partidas` (`id_partida`, `partida`, `denominacion`, `id_departamentos`) VALUES
(69, '4.02.03.03.00', 'CAUCHOS Y TRIPAS PARA VEHICULOS', 5),
(49, '4.01.01.01.00 ', 'SUELDO BÁSICO PERSONAL FIJO A TIEMPO COMPLETO', 5),
(50, '4.01.01.38.00', 'DIETAS DEL PERSONAL DE ALTO NIVEL Y DE DIRECTORES', 5),
(51, '4.01.05.16.00', 'AGUINALDOS AL PERSONAL DE ALTO NIVEL Y DE DIRECCIÓN', 5),
(52, '4.01.03.08.00', 'PRIMAS DE PROFESIONALIZACION A EMPLEADOS', 5),
(53, '4.01.04.08.00', 'BONO COMPENSATORIO DE ALIMENTACIÓN A EMPLEADOS', 5),
(55, '4.01.05.01.00', 'AGUINALDOS A EMPLEADOS', 5),
(56, '4.01.05.01.00', 'AGUINALDOS A EMPLEADOS', 5),
(57, '4.01.05.03.00', 'BONO VACACIONAL A EMPLEADOS', 5),
(58, '4.01.05.18.00', 'BONO VACACIONAL AL PERSONAL DE ALTO NIVEL Y DE DIRECCIÓN', 5),
(59, '4.01.06.01.00', 'APORTE PATRONAL AL INSTITUTO VENEZOLANO DE LOS SEGUROS SOCIALES (IVSS) POR EMPLEADOS', 5),
(60, '4.01.06.04.00', 'APORTE PATRONAL AL FONDO DE SEGURO DE PARO FORZOSO POR EMPLEADOS', 5),
(61, '4.01.06.05.00', 'APORTE PATRONAL AL FONDO DE AHORRO HABITACIONAL POR EMPLEADOS', 5),
(62, '4.01.07.06.00', 'AYUDAS PARA MEDICINAS, GASTOS MÉDICOS, ODONTOLÓGICOS Y DE HOSPITALIZACIÓN A EMPLEADOS', 5),
(63, '4.01.07.10.00', 'DOTACIÓN DE UNIFORMES A EMPLEDOS', 5),
(64, '4.01.07.96.00', 'OTRAS SUBVENCIONES A EMPLEADOS', 5),
(65, '4.01.08.01.00', 'PRESTACIONES SOCIALES E INDEMNIZACIONES A EMPLEADOS', 5),
(66, '4.01.08.07.00', 'PRESTACIONES SOCIALES E INDEMNIZACIÓN AL PERSONAL DE ALTO NIVEL Y DE DIRECCIÓN', 5),
(67, '4.02.01.01.00', 'ALIMENTOS Y BEBIDAS PARA PERSONAS', 5),
(68, '4.02.03.02.00', 'PRENDAS DE VESTIR', 5),
(70, '4.02.05.01.00', 'PULPA DE MADERA, PAPEL Y CARTÓN', 5),
(71, '4.02.05.03.00', 'PRODUCTOS DE PAPEL Y CARTON PARA OFICINA', 5),
(72, '4.02.05.04.00', 'LIBROS, REVISTAS Y PERIODICOS', 5),
(73, '4.02.05.05.00', 'MATERIAL DE ENSEÑANZA', 5),
(74, '4.02.05.06.00', 'PRODUCTOS DE PAPEL Y CARTON PARA COMPUTACIÓN', 5),
(75, '4.02.05.07.00', 'PRODUCTOS DE PAPEL Y CARTON PARA LA IMPRENTA Y REPRODUCCIÓN', 5),
(77, '4.02.05.99.00', 'OTROS PRODUCTOS DE PULPA, PAPEL Y CARTON', 5),
(78, '4.02.06.03.00', 'TINTAS , PINTURAS Y COLORANTES', 5),
(79, '4.02.06.04.00', 'PRODUCTOS FARMACEUTICOS Y MEDICAMENTOS', 5),
(80, '4.02.06.05.00', 'PRODUCTOS DE TOCADOR', 5),
(81, '4.02.06.06.00', 'COMBUSTIBLES Y LUBRICANTES', 5),
(82, '4.02.06.08.00', 'PRODUCTOS PLASTICOS', 5),
(83, '4.02.08.03.00', 'HERRAMIENTAS MENORES, CUCHILLERAS Y ARTICULOS GENERALES DE FERRETERIA', 5),
(84, '4.02.08.09.00', 'REPUESTOS Y ACCESORIOS PARA EQUIPOS DE TRANSPORTE', 5),
(85, '4.02.09.00.00', 'PRODUCTOS DE MADERA', 5),
(87, '4.02.10.01.00', 'ARTICULOS DE DEPORTES , RECREACIÓN Y JUGUETES', 5),
(88, '4.02.10.02.00', 'MATERIALES Y UTILES DE LIMPIEZA Y ASEO', 5),
(89, '4.02.10.03.00', 'UTENSILIOS DE COCINA Y COMEDOR', 5),
(90, '4.02.10.05.00', 'ÚTILES DE ESCRITORIO, OFICINA Y MATERIALES DE INSTRUCCIÓN', 5),
(91, '4.02.10.07.00', 'Productos de seguridad en el trabajo', 5),
(95, '4.02.10.11.00', 'MATERIALES ELÉCTRICOS', 5),
(94, '4.02.10.08.00', 'MATERIALES PARA EQUIPOS DE COMPUTACIÓN', 5),
(96, '4.02.10.12.00', 'MATERIALES PARA INSTALACIONES SANITARIAS', 5),
(97, '4.02.99.01.00', 'OTROS MATERIALES Y SUMINISTROS', 5),
(98, '4.03.00.00.00', 'SERVICIOS NO PERSONALES', 5),
(99, '4.03.04.01.00', 'ELECTRICIDAD', 5),
(100, '4.03.04.03.00', 'AGUA', 5),
(101, '4.03.04.04.00', 'TELEFONOS', 5),
(102, '4.03.06.01.00', 'FLETES Y EMBALAJES', 5),
(103, '4.03.18.01.00', 'IIMPUESTO AL VALOR AGREGADO', 5),
(104, '4.03.11.07.00', 'CONSERVACION Y REPARACIONES MENORES DE MAQUINAS, MUEBLES Y DEMAS EQUIPOS DE OFICINA Y ALOJAMIENTO', 5);

-- --------------------------------------------------------

--
-- Estructura de tabla para la tabla `permisos`
--

DROP TABLE IF EXISTS `permisos`;
CREATE TABLE `permisos` (
  `id_permisos` int(11) NOT NULL,
  `id_menu` int(11) NOT NULL,
  `id_role` int(11) NOT NULL,
  `permiso` int(1) NOT NULL
) ENGINE=MyISAM DEFAULT CHARSET=latin1;

--
-- Truncar tablas antes de insertar `permisos`
--

TRUNCATE TABLE `permisos`;
-- --------------------------------------------------------

--
-- Estructura de tabla para la tabla `proveedores`
--

DROP TABLE IF EXISTS `proveedores`;
CREATE TABLE `proveedores` (
  `id_proveedor` int(11) NOT NULL,
  `nombre_proveedor` varchar(200) COLLATE utf8_bin NOT NULL,
  `direccion_proveedor` varchar(500) COLLATE utf8_bin NOT NULL,
  `telefono_proveedor` varchar(100) COLLATE utf8_bin NOT NULL
) ENGINE=MyISAM DEFAULT CHARSET=utf8 COLLATE=utf8_bin;

--
-- Truncar tablas antes de insertar `proveedores`
--

TRUNCATE TABLE `proveedores`;
--
-- Volcado de datos para la tabla `proveedores`
--

INSERT INTO `proveedores` (`id_proveedor`, `nombre_proveedor`, `direccion_proveedor`, `telefono_proveedor`) VALUES
(1, 'MILLAN', 'carupano', '04121234567');

-- --------------------------------------------------------

--
-- Estructura de tabla para la tabla `requisicion`
--

DROP TABLE IF EXISTS `requisicion`;
CREATE TABLE `requisicion` (
  `id_requisicion` int(11) NOT NULL,
  `codigo_requisicion` varchar(50) COLLATE utf8_bin NOT NULL,
  `nombre_requisicion` varchar(100) COLLATE utf8_bin NOT NULL,
  `estado_requisicion` varchar(100) COLLATE utf8_bin NOT NULL,
  `id_departamento` int(11) NOT NULL
) ENGINE=MyISAM DEFAULT CHARSET=utf8 COLLATE=utf8_bin;

--
-- Truncar tablas antes de insertar `requisicion`
--

TRUNCATE TABLE `requisicion`;
-- --------------------------------------------------------

--
-- Estructura de tabla para la tabla `requisicion_partidas`
--

DROP TABLE IF EXISTS `requisicion_partidas`;
CREATE TABLE `requisicion_partidas` (
  `id_requisicion` int(11) NOT NULL,
  `id_partidas` int(11) NOT NULL,
  `cantidad` int(11) NOT NULL,
  `descripcion` varchar(200) COLLATE utf8_bin NOT NULL,
  `precio` int(11) NOT NULL
) ENGINE=MyISAM DEFAULT CHARSET=utf8 COLLATE=utf8_bin;

--
-- Truncar tablas antes de insertar `requisicion_partidas`
--

TRUNCATE TABLE `requisicion_partidas`;
-- --------------------------------------------------------

--
-- Estructura de tabla para la tabla `role`
--

DROP TABLE IF EXISTS `role`;
CREATE TABLE `role` (
  `id_role` int(11) NOT NULL,
  `role` varchar(50) NOT NULL,
  `peso` int(11) NOT NULL
) ENGINE=MyISAM DEFAULT CHARSET=latin1;

--
-- Truncar tablas antes de insertar `role`
--

TRUNCATE TABLE `role`;
--
-- Volcado de datos para la tabla `role`
--

INSERT INTO `role` (`id_role`, `role`, `peso`) VALUES
(1, 'admin_sistem', 1),
(2, 'departamento', 1),
(3, 'compra', 1),
(4, 'anonimo', 4);

-- --------------------------------------------------------

--
-- Estructura de tabla para la tabla `usuario`
--

DROP TABLE IF EXISTS `usuario`;
CREATE TABLE `usuario` (
  `id_usuario` int(11) NOT NULL,
  `id_role` int(11) NOT NULL DEFAULT '2',
  `login` varchar(20) COLLATE utf8_spanish_ci NOT NULL,
  `password` varchar(100) COLLATE utf8_spanish_ci NOT NULL,
  `estado` int(11) NOT NULL DEFAULT '1'
) ENGINE=MyISAM DEFAULT CHARSET=utf8 COLLATE=utf8_spanish_ci;

--
-- Truncar tablas antes de insertar `usuario`
--

TRUNCATE TABLE `usuario`;
--
-- Volcado de datos para la tabla `usuario`
--

INSERT INTO `usuario` (`id_usuario`, `id_role`, `login`, `password`, `estado`) VALUES
(1, 1, 'admin', '53362d5ea52a28e1a960323ea19b02cb2b828026', 1),
(4, 3, 'compra', '53362d5ea52a28e1a960323ea19b02cb2b828026', 1),
(10, 2, '001', '53362d5ea52a28e1a960323ea19b02cb2b828026', 1);

--
-- Índices para tablas volcadas
--

--
-- Indices de la tabla `departamento`
--
ALTER TABLE `departamento`
  ADD PRIMARY KEY (`id_departamento`);

--
-- Indices de la tabla `log`
--
ALTER TABLE `log`
  ADD PRIMARY KEY (`id`),
  ADD KEY `id_usuario` (`id_usuario`);

--
-- Indices de la tabla `menu`
--
ALTER TABLE `menu`
  ADD PRIMARY KEY (`id_menu`);

--
-- Indices de la tabla `operacion`
--
ALTER TABLE `operacion`
  ADD PRIMARY KEY (`id_aumento`),
  ADD KEY `id_partidas` (`id_partida`);

--
-- Indices de la tabla `pagos`
--
ALTER TABLE `pagos`
  ADD PRIMARY KEY (`id_pago`);

--
-- Indices de la tabla `pagos_partidas`
--
ALTER TABLE `pagos_partidas`
  ADD KEY `id_pago` (`id_pago`),
  ADD KEY `id_partida` (`id_partida`),
  ADD KEY `id_pago_2` (`id_pago`),
  ADD KEY `id_pago_3` (`id_pago`),
  ADD KEY `id_pago_4` (`id_pago`);

--
-- Indices de la tabla `partidas`
--
ALTER TABLE `partidas`
  ADD PRIMARY KEY (`id_partida`),
  ADD KEY `id_departamentos` (`id_departamentos`);

--
-- Indices de la tabla `permisos`
--
ALTER TABLE `permisos`
  ADD PRIMARY KEY (`id_permisos`),
  ADD KEY `id_menu` (`id_menu`,`id_role`),
  ADD KEY `id_role` (`id_role`);

--
-- Indices de la tabla `proveedores`
--
ALTER TABLE `proveedores`
  ADD PRIMARY KEY (`id_proveedor`);

--
-- Indices de la tabla `requisicion`
--
ALTER TABLE `requisicion`
  ADD PRIMARY KEY (`id_requisicion`),
  ADD KEY `id_departamento` (`id_departamento`);

--
-- Indices de la tabla `requisicion_partidas`
--
ALTER TABLE `requisicion_partidas`
  ADD PRIMARY KEY (`id_requisicion`,`id_partidas`),
  ADD KEY `id_partidas` (`id_partidas`);

--
-- Indices de la tabla `role`
--
ALTER TABLE `role`
  ADD PRIMARY KEY (`id_role`);

--
-- Indices de la tabla `usuario`
--
ALTER TABLE `usuario`
  ADD PRIMARY KEY (`id_usuario`),
  ADD KEY `id_role_2` (`id_role`),
  ADD KEY `id_role_3` (`id_role`),
  ADD KEY `id_role_4` (`id_role`),
  ADD KEY `id_role_5` (`id_role`);

--
-- AUTO_INCREMENT de las tablas volcadas
--

--
-- AUTO_INCREMENT de la tabla `departamento`
--
ALTER TABLE `departamento`
  MODIFY `id_departamento` int(11) NOT NULL AUTO_INCREMENT, AUTO_INCREMENT=6;
--
-- AUTO_INCREMENT de la tabla `log`
--
ALTER TABLE `log`
  MODIFY `id` int(11) NOT NULL AUTO_INCREMENT, AUTO_INCREMENT=501;
--
-- AUTO_INCREMENT de la tabla `menu`
--
ALTER TABLE `menu`
  MODIFY `id_menu` int(11) NOT NULL AUTO_INCREMENT;
--
-- AUTO_INCREMENT de la tabla `operacion`
--
ALTER TABLE `operacion`
  MODIFY `id_aumento` int(11) NOT NULL AUTO_INCREMENT;
--
-- AUTO_INCREMENT de la tabla `pagos`
--
ALTER TABLE `pagos`
  MODIFY `id_pago` int(11) NOT NULL AUTO_INCREMENT, AUTO_INCREMENT=25;
--
-- AUTO_INCREMENT de la tabla `partidas`
--
ALTER TABLE `partidas`
  MODIFY `id_partida` int(11) NOT NULL AUTO_INCREMENT, AUTO_INCREMENT=105;
--
-- AUTO_INCREMENT de la tabla `permisos`
--
ALTER TABLE `permisos`
  MODIFY `id_permisos` int(11) NOT NULL AUTO_INCREMENT;
--
-- AUTO_INCREMENT de la tabla `proveedores`
--
ALTER TABLE `proveedores`
  MODIFY `id_proveedor` int(11) NOT NULL AUTO_INCREMENT, AUTO_INCREMENT=2;
--
-- AUTO_INCREMENT de la tabla `requisicion`
--
ALTER TABLE `requisicion`
  MODIFY `id_requisicion` int(11) NOT NULL AUTO_INCREMENT, AUTO_INCREMENT=6;
--
-- AUTO_INCREMENT de la tabla `role`
--
ALTER TABLE `role`
  MODIFY `id_role` int(11) NOT NULL AUTO_INCREMENT, AUTO_INCREMENT=5;
--
-- AUTO_INCREMENT de la tabla `usuario`
--
ALTER TABLE `usuario`
  MODIFY `id_usuario` int(11) NOT NULL AUTO_INCREMENT, AUTO_INCREMENT=11;
/*!40101 SET CHARACTER_SET_CLIENT=@OLD_CHARACTER_SET_CLIENT */;
/*!40101 SET CHARACTER_SET_RESULTS=@OLD_CHARACTER_SET_RESULTS */;
/*!40101 SET COLLATION_CONNECTION=@OLD_COLLATION_CONNECTION */;
